"INDEX","P_TARGET"
3,1.66772235648818
9,3.95696885792425
10,2.49338854620262
18,2.43913917687893
21,2.99282132950165
30,5.43784452515395
31,3.70687940960335
37,4.64868545296659
39,2.71035054827938
47,2.80449593090493
60,2.60833295449511
62,0.042734565359001
63,3.64323554838648
64,0.613674702724731
68,2.19677099850096
75,2.86640994615092
76,2.47261297337947
83,0.0200258730250548
87,3.78562553490557
92,5.63078819765732
98,2.37813333279959
106,0.760432727826629
107,5.3861994443545
113,2.40772793932023
120,3.60640576198172
123,5.81009538087554
125,2.92344725812591
126,5.73943959772472
128,4.3726440816294
129,2.38510124984704
131,4.19236138462194
135,4.34019394956884
141,4.29275229232565
147,3.01818937371168
148,2.24305808103503
151,3.83138339175778
156,2.95354010757867
157,3.38476856533227
174,1.37293755114467
186,1.80107048633704
193,2.49954317870109
195,2.5383842430672
212,3.15383932214802
213,0.273229025847659
217,2.80967432717426
223,3.91666295594356
226,2.98882410431697
228,4.74660993154678
230,4.13375892732124
241,2.25006747786843
243,3.76233389202628
249,0.381820657693274
281,4.12721532213225
288,2.66064915650984
294,1.91436082163678
295,2.04441495310925
300,5.67981144395366
302,4.41018870208518
303,0.854708186750347
308,1.1172672509863
319,4.90378695209361
320,2.26100043279435
324,2.84044103656084
331,2.54326503385007
343,2.81770282383615
347,2.39903006032737
348,3.74494402351051
350,4.7144449970776
357,1.95801089132054
358,3.71621934121157
360,4.2489401467253
366,3.09225514768334
367,2.55896535875688
368,4.97987598741779
376,2.20088576811922
380,3.11093271619591
388,0.537383247787276
396,4.61513778409781
398,4.43849733675088
403,3.99979117235506
410,2.2022856457139
412,4.13195834001252
420,2.41004423560221
434,2.41565629164994
440,2.87129098314606
450,3.60762025924364
453,2.56878241540599
464,4.45867685429255
465,4.77271877517211
466,4.5733317794069
473,2.41984900235505
476,3.47210822474964
478,0.814194626236635
479,3.2513981305403
493,2.60727488461034
497,3.09953624321936
503,3.70155299896002
504,3.63060338085361
505,2.31048612499694
507,1.02194199811728
513,2.72254090520481
519,2.43093563192098
521,3.71984100274123
522,3.84291101585281
545,2.79872130432601
549,0.622666557671828
551,2.30836965198656
556,6.916832232958
557,5.96910390474699
559,2.33956206327536
560,2.4983198423907
566,3.65468995418202
569,4.50186430665892
573,2.59122829840722
578,0.413759627056673
579,5.38521114010154
582,4.98251588554005
596,4.20834987653591
598,2.13992041448782
599,0.648517223107141
602,2.87580611287931
605,1.04005869839075
617,2.63469817051096
619,5.45932967462028
630,3.04504736692729
634,3.64807076151993
643,2.35556039172859
645,0.304575701336339
647,4.70159865294506
649,2.36312138012791
656,3.70719092739045
657,4.89763934978821
658,2.91966260944158
667,3.3369953836075
692,2.98797749744485
693,4.08805631286061
698,0.550853192347327
699,3.72909550918938
700,6.37150338038062
704,3.08720637111672
707,2.42498650114607
708,4.77973229596393
709,2.91607285201439
713,0.383345817194028
714,2.93139604153557
716,2.24900897944779
718,3.74740606829624
722,4.06743496467006
729,6.60347402431872
731,2.46048460194032
733,3.60546868940902
746,3.0016162927963
747,3.51197888461328
748,2.34617493540982
753,2.25697035088832
757,0.957073620540978
763,3.09762523398444
767,5.62886657210907
774,2.84867463889221
776,3.79469274148754
788,0.357434753333516
794,3.7710339142766
799,1.03456685751488
803,4.1398471420778
806,4.00342433029996
807,3.72670141807602
811,4.07894710379643
816,6.32311419801544
818,3.60664653179907
819,2.34094277326108
831,5.4637922439524
835,5.12641945304202
837,2.76973507358912
841,3.06166895305457
846,2.35475737513344
856,5.43080027295922
861,4.4396124419579
862,2.10250187751327
863,2.87859600657446
865,3.75059356604822
871,2.56091151730669
879,0.360978432015471
880,2.55981497743875
881,3.54841179478017
885,3.66114330399723
887,2.83869689312299
892,4.34911409229925
898,3.77682021531401
900,1.89574692804525
904,3.38047810893015
906,5.27486149365292
910,3.912112423116
912,3.99239259005735
913,2.43008270904975
919,4.45326688854159
924,2.3896362339721
925,3.11492611673342
930,3.00219363368318
940,2.03477649228157
941,3.40540429529779
946,0.113925631319452
949,5.21330192587915
951,0.89019383486806
962,3.873720800641
966,2.48434595778551
967,4.60556121518386
971,2.59209879184066
981,3.16081343488894
982,2.97924084483385
983,3.38104889140851
984,4.65491673367674
989,2.21195754869539
990,4.76836402473875
992,2.87919787604094
995,5.43670392454584
996,2.4357058341451
998,2.58431096927158
1001,3.6039611265447
1007,0.709047360457628
1008,2.39761491944146
1016,2.56724606128913
1022,2.48567884149606
1027,5.34134780010784
1032,4.12993868973174
1033,3.8156489954401
1041,4.6701138238903
1065,2.33562870564793
1074,0.741467277020024
1075,2.98525116301102
1081,2.77090116646485
1094,4.12200856847714
1099,2.93717224387845
1105,2.79450104484276
1123,3.05444576141076
1135,3.36526319746371
1142,2.40348752717198
1155,2.35234530512912
1169,2.82769752459298
1176,3.14142828084615
1178,3.86573436678981
1180,3.49745900611444
1184,2.8372978609766
1185,2.72748832184655
1193,1.71555229132373
1196,2.80172527712712
1199,1.49874708523306
1203,2.687400922468
1205,2.50221486185564
1207,2.41652353735248
1208,2.68010522116733
1212,0.572383285446386
1213,2.51074182500228
1222,0.857207495247625
1223,2.81465015081089
1226,4.09490616423017
1227,6.39259323522921
1229,2.36517509050003
1230,4.56124988456738
1231,2.8789928581205
1241,2.61489767845775
1243,4.13503259580166
1244,5.60138630064253
1246,4.52314568857661
1248,2.52150984114709
1249,3.80743594106811
1252,3.59239172087294
1261,3.36090490734612
1275,3.30683932084656
1281,2.92195682533177
1285,3.98353594762656
1288,2.13908063030123
1290,3.71266310127386
1291,0.579646258247959
1304,4.51789578300872
1305,2.63380531306875
1323,4.54074935278981
1342,2.64963771467973
1348,2.38552342957316
1353,3.6965491250229
1363,3.08455756664529
1371,3.70764650202725
1372,2.32124089599282
1378,2.23088936070367
1381,3.94900214107615
1382,4.15827993073944
1393,4.49342238763243
1394,5.26166381360556
1398,6.28144010897733
1404,2.83376935496609
1405,3.74064371632721
1419,0.580269460376239
1421,2.46271570588507
1426,2.26343813957623
1431,2.65753181562266
1435,2.94538680495843
1437,3.16702744377686
1438,3.20764741405174
1442,1.78086508588258
1464,1.23813335289586
1471,2.47412643654891
1473,4.52565665822251
1476,2.93166212769734
1478,2.29755765012106
1479,3.94109598210166
1487,5.39218164012624
1492,4.61211584428549
1496,3.014465703193
1497,1.74710829811544
1515,3.14519184254693
1519,3.66542728885545
1522,2.8956574805282
1526,3.66910804229761
1537,2.93655228671789
1538,4.16944214860027
1540,2.15336030722712
1543,3.72512509106389
1548,2.36003318248673
1549,3.5556873027783
1556,2.89428877999606
1564,2.79011678827017
1570,3.23211920048819
1577,2.29929573922623
1585,4.09078631952864
1590,4.44846326995877
1592,0.805578874981696
1594,2.18857346296386
1596,7.12106853953693
1598,4.64632071337711
1603,1.40983157211112
1607,0.629192985664924
1612,5.52354863852926
1627,4.75214081297368
1629,3.36366743934194
1630,3.14800064401662
1640,5.50527637831241
1641,4.23304043785981
1646,3.97260826705246
1662,0.123129956510193
1668,2.69823580757187
1671,2.82031700232756
1672,4.21375092731796
1673,5.82292160732643
1686,3.99456767296222
1688,4.04343285019544
1696,3.36074439829413
1701,4.54150724129661
1707,3.96581195037774
1708,3.40590081203164
1713,3.72726935523223
1715,3.4137097038774
1717,2.87740473833184
1721,3.0686431758545
1724,2.7090274913601
1725,2.99416416074024
1730,3.80921074337121
1731,3.99954762543562
1734,1.5700771919885
1740,3.20413927547978
1748,2.90244409478916
1749,4.3398770752046
1750,5.59166517903497
1763,3.00640273073606
1768,4.33114440443897
1773,2.28476778395409
1777,4.23464877318423
1778,0.138397746751061
1780,3.1742518816917
1782,0.129553041426977
1784,4.84743810103931
1786,3.80898162410655
1787,4.57895752902257
1792,0.149022252986848
1800,2.61117936900297
1801,2.94800944754667
1803,2.58645274525253
1804,3.29622443478384
1807,2.50199542520338
1818,6.42614414040349
1821,3.27150544989842
1822,4.26571342029686
1828,2.91273240690209
1833,3.86003145159468
1844,3.92993077893564
1847,3.09778009690304
1850,2.49421725718721
1854,3.68081684970318
1858,4.99485013262193
1864,4.01391789882793
1867,1.35056423594121
1876,2.83283066747479
1880,2.64710785069729
1881,1.91444886115866
1891,2.91027851101281
1894,3.34403906842771
1895,4.52768528699022
1901,2.84014685617517
1905,4.55783624780834
1912,6.33601247802888
1918,2.96545670334084
1921,3.78155442003008
1923,3.00255006552017
1924,3.99693030844747
1931,2.354773195891
1941,4.23250836097717
1950,2.0201783882686
1951,4.20824092211324
1954,4.86376004959471
1961,3.70973369384424
1966,3.82287894312711
1979,3.98599289064632
1982,0.391183395612051
1987,2.97694725981804
1997,2.81293271208461
2004,3.97837888570849
2011,4.49871208020695
2015,3.2316809429319
2025,7.24167323184911
2033,2.34070004519045
2034,4.6018916521317
2035,3.52651047441933
2036,1.57964160188855
2053,2.74954328915533
2059,3.02297672675511
2060,1.34658818079973
2073,2.79473580983796
2084,2.98246641613117
2089,3.31466658357518
2092,2.69970018164172
2109,4.61423947434152
2129,4.86759126597621
2134,6.00613768734508
2135,5.16178086402411
2148,2.94202862922025
2149,0.200720562488198
2150,2.33148018571798
2165,2.81300324154942
2166,2.83737894294003
2168,4.25124198030319
2170,0.913369964530077
2171,2.43364877621842
2172,1.7942489192424
2176,5.27805048295013
2182,3.04641565074406
2189,2.18812728883429
2191,4.90473858060796
2197,2.98071409157724
2202,0.120040345537881
2203,3.68868941137976
2204,0.282120201414141
2206,4.77583179760918
2218,1.87677449416728
2219,3.68391321689149
2221,2.63331167819511
2226,2.37941161038002
2228,2.93149883070932
2232,3.78409109612385
2236,0.118396723927461
2241,2.56021517839888
2245,5.2456421302536
2251,3.31089301678786
2255,5.40079131364847
2256,3.85226598578237
2259,3.34264843155993
2263,3.59270539020649
2264,3.682715666294
2267,2.33981923511176
2273,2.17613475097919
2277,4.6425045456001
2287,3.91471599276542
2289,3.23263807208051
2291,0.852485156718921
2296,2.05354182489078
2299,2.53957245256196
2306,3.02662461184704
2314,1.48308243567733
2317,2.60038003782928
2318,3.90026240797686
2321,4.17311966350997
2324,4.42734077140202
2340,2.8630978686147
2343,2.44627974903523
2349,0.626093640351317
2352,5.21841718366706
2353,0.86113715544926
2365,2.41474816921787
2370,3.30710650313608
2378,3.14643356058287
2390,1.76074662351666
2399,0.396682576864084
2402,0.506932635161767
2403,1.80133838352992
2404,3.4922577062824
2414,5.43031812641516
2422,3.63348663093682
2424,0.159220402916585
2430,3.79087835323015
2435,2.97855421692434
2439,3.93758529250957
2442,4.83656449338859
2445,3.82441597589214
2449,3.75210246910141
2451,2.45421016163516
2461,2.39925284944501
2464,3.79780139799642
2465,3.73318080538298
2472,3.07885458260991
2476,2.44667687793204
2482,3.06446323780746
2487,5.3174774799473
2498,4.68206205741498
2501,3.69509974398098
2504,2.52724570235833
2511,2.89016091194612
2518,4.94730789867703
2521,5.48733369432081
2530,2.97629480992422
2543,4.72992380216718
2545,4.34668183298808
2561,3.49047712625767
2566,3.67233863682016
2572,2.82881909639534
2577,2.91712437067008
2578,0.971212767231658
2580,1.52221878818831
2581,4.26697731186793
2582,4.59183094693332
2584,2.73273162518016
2590,4.36180287361145
2598,2.92634013063954
2602,0.917357073374692
2605,5.58755004769883
2616,3.8266806819996
2618,3.60397822880344
2619,2.44517483497987
2624,4.94330662795721
2632,2.87433178801754
2640,3.83952856362104
2646,4.37168663620526
2651,2.77025355274047
2660,2.48326321034641
2661,3.49831002816527
2668,1.18990977732979
2670,0.478616384948034
2680,2.04617896577425
2681,3.21719755062998
2689,0.495590334762491
2694,5.80294596684034
2695,0.705961773819316
2696,2.94120805441607
2702,2.58493370421889
2704,3.65671556005564
2708,5.28141876029639
2709,2.08850517761289
2714,4.0426042873014
2716,2.69339279588003
2723,2.35756723728281
2725,3.06750283533448
2738,0.992395118856711
2750,3.84706866932509
2756,3.82718153682268
2758,4.07504643014967
2766,2.85253837997479
2767,3.73596925128556
2771,2.37569526520439
2775,3.6855583004226
2776,2.86787380520809
2779,3.0287821127027
2780,2.92794574217973
2781,0.712847661972294
2782,4.3381660052964
2783,3.7431291469235
2796,3.80904103588987
2798,4.43747242569996
2800,2.61993475158938
2803,6.81062751142505
2806,5.4174449032634
2813,2.96872742902468
2818,1.29630427476269
2821,5.2252381231174
2825,4.13168453861871
2829,2.05242298726983
2830,2.90786698775739
2833,3.94618903270683
2839,3.10525334264507
2843,4.32364863033724
2846,4.58987273894741
2847,2.72116081307276
2848,5.82906483600648
2856,3.69795042955218
2863,3.41209582399471
2867,4.97098974011014
2869,3.7055406079207
2873,4.42234950565244
2874,3.77707112656334
2875,3.03181350444736
2880,1.07890361103092
2886,3.30638608516246
2887,3.61188807846607
2888,3.55433332394182
2889,2.46987806741222
2890,4.34034089868677
2892,1.20688550488472
2901,2.71710002631131
2902,1.66656078504781
2905,2.1354511977765
2917,1.82476386002489
2922,2.7285658859308
2924,2.16959431165972
2930,2.41271920981944
2931,5.23286878954959
2946,1.46386722855068
2955,3.79988527758554
2962,2.79171054464829
2964,0.39283072388196
2965,1.95799764909329
2967,5.32748664366851
2970,5.85588872136744
2973,6.57564223538938
2974,2.38660866758592
2976,2.88790183381601
2977,0.831636506125177
2978,1.56354776963831
2986,4.42384990032903
2988,5.36666566092026
2989,2.86989946713982
2995,3.93506266224219
3005,4.76769359007441
3011,5.03588596119428
3013,3.08964933299401
3019,3.60875787915857
3021,2.05091524156812
3022,5.21216998522865
3029,0.902192610168856
3037,3.60642874377847
3042,2.45775229273699
3043,3.89386808690603
3049,3.90862695632629
3050,5.711320835184
3053,2.65245492520721
3058,3.23077696484661
3062,0.311437036250943
3063,3.95892839912267
3065,2.94511428704708
3080,2.55934129386499
3088,3.84563417951758
3093,2.50953218761547
3096,5.5474025994898
3101,5.60416460197187
3103,1.2759457455256
3107,6.66928173234036
3109,4.26453435212609
3111,5.51716405425689
3113,4.54561247773504
3116,5.12794168568618
3132,3.0822093388446
3141,5.00744925467585
3153,2.46394792547968
3154,2.36181083706557
3160,3.77555576915454
3167,2.9120126572306
3170,3.3964031833119
3173,2.52988909779228
3174,3.90549494152668
3177,5.25681633139758
3179,3.84064584009223
3184,2.60709704273359
3190,2.71075909206259
3193,4.52581655382393
3199,4.06357966156578
3201,0.57601967382816
3202,2.73334586843926
3203,2.57069858991434
3206,3.02321764691294
3209,2.96559012242483
3210,2.17393728885759
3217,4.24622633926577
3220,4.17639576781741
3228,2.52912772474508
3232,2.9219090177685
3239,2.07140701116125
3243,3.75043608164945
3245,2.92627184328465
3246,4.40587144742017
3251,4.38501680220972
3253,4.43487444546731
3257,3.9976765650786
3260,0.401357493860848
3261,3.31292044914314
3263,5.22832683728743
3278,3.74854296935344
3281,3.30685001965399
3283,5.34362336150458
3290,2.31497451699027
3297,3.57868987656445
3304,3.77056928815778
3305,3.1558273047461
3307,5.33720707036584
3308,2.12965751752874
3313,2.53798765420185
3314,2.98651439472777
3317,4.67573169060706
3348,1.7391368934394
3350,2.30175208903246
3359,4.14841022282455
3367,3.89553099882207
3376,3.06870954379132
3378,3.14404194557364
3384,3.3235969296741
3386,2.97318323401471
3387,3.93490847995
3388,3.00790302145552
3390,4.59286791159836
3391,0.642065367522045
3396,2.06774157261236
3398,3.77717596294833
3404,4.63774969654252
3406,0.421578309284473
3407,3.63301403216376
3414,4.83625123557685
3419,2.9481468930797
3423,2.43163101841523
3427,3.11202105501671
3432,1.41219667146139
3434,2.9312197292857
3438,2.0363505576432
3442,0.181629863818791
3443,2.61360255701569
3448,0.175721416147845
3456,3.00940215599486
3464,5.70235659299978
3470,0.41373321868453
3475,3.62268361773784
3477,3.56723705205384
3490,2.67913136068519
3493,3.77197208599019
3502,2.94516011020671
3508,4.14697162211006
3516,2.49048803885851
3517,5.0484238197917
3525,3.13502088482468
3532,3.53299769711383
3535,3.77357634133892
3536,4.70769751541754
3540,3.00797330053478
3547,2.97728401808222
3550,3.32408210964549
3557,2.38369689507291
3562,0.883938275663865
3563,2.97888170377121
3564,2.3529182058298
3570,3.44647546140796
3573,1.9155384947303
3577,2.44453718143951
3579,3.29727445414146
3581,2.20642136916975
3587,3.62899050824063
3602,3.37584980162236
3609,3.71315683222684
3612,4.30040990818439
3621,2.64718063762635
3642,3.14797919216912
3647,2.57504937782639
3649,2.89046948658312
3654,2.00821679491907
3660,4.72118063289261
3665,4.50757312044293
3669,3.62386131896395
3673,3.86897363051945
3675,0.829849292576459
3678,3.75914137010275
3680,3.15342627096223
3686,6.2156041708755
3693,4.90262234470061
3710,2.69198154453983
3713,4.22008847217991
3718,5.21655180184456
3725,3.11731189563285
3726,2.9355360122532
3747,2.32215363310975
3753,2.40084312588028
3754,4.59536427808163
3760,4.61673571967071
3763,2.5040459925692
3765,4.16241631749928
3769,4.36589749233766
3771,3.6121422552805
3784,1.80428420292403
3787,4.42615063750726
3794,3.36978715176052
3796,3.62594076957465
3798,4.57559258513797
3809,3.90952200271639
3812,5.27796121316888
3819,2.19264472604429
3828,4.18640880520589
3831,5.51870148381009
3833,3.12638696869799
3837,5.19955223381629
3839,0.566960086445269
3843,3.85793945273918
3846,3.74380739070334
3854,5.17562659075187
3861,2.36179431564147
3864,3.66697794231928
3868,3.02437313394201
3869,5.09685988035278
3870,2.72535346280681
3883,2.65015624776919
3886,2.80850432335024
3889,3.78489700022506
3894,0.414836226571267
3907,2.61419168477553
3910,3.90032500599812
3913,0.590715479225565
3914,3.01970213770979
3921,6.29491826181807
3923,3.54722031796319
3929,2.38750777476281
3931,1.56160018343524
3932,5.12632711442988
3937,0.125059422223972
3943,1.14155087509486
3956,4.7100009490905
3957,3.02432153443323
3961,5.60187788843148
3971,3.00643871929591
4004,0.768816514497936
4005,2.21752413714938
4006,4.27197985884398
4011,2.65440190722062
4013,4.98688104267907
4014,6.76982188506102
4016,0.22794738672209
4017,5.16026696799454
4020,3.15455918262502
4022,3.80872787252642
4026,0.179139829656264
4032,2.2900265626155
4043,2.29093443183744
4045,2.75488926250822
4048,5.37672519180063
4051,5.1362212398953
4052,3.65035647510367
4056,2.94022124306803
4059,1.4084360462101
4069,5.12390010215317
4074,3.77020893722649
4076,2.81457580797441
4077,2.47093693391053
4079,1.35986815270229
4081,3.73521359006165
4088,0.827820511355529
4105,2.57149589734944
4125,3.75387896894193
4134,3.08000091376582
4139,2.03942030516362
4146,2.40010870521566
4149,3.93896908529802
4151,2.09994776234891
4155,2.85566770053055
4157,1.97171865360735
4168,5.22193271601255
4170,2.35454893728671
4174,2.50067611629077
4179,5.28124779256832
4185,3.99761712898912
4199,0.80799150482877
4205,3.43848681269539
4208,2.75960628003574
4211,2.34383464701516
4212,1.51724945835961
4215,3.13925961380582
4217,3.05966260450996
4219,2.90237328512047
4226,4.10745354504477
4227,3.01557529952844
4229,2.441934184256
4231,1.99885544739196
4233,2.32007498153687
4237,2.36854073067791
4243,4.54419606217493
4248,4.24289355224611
4255,5.54836428266549
4262,2.50918655462354
4266,2.7481168236547
4268,0.374875146604524
4270,2.48197083771194
4273,0.508010466623887
4276,4.62701570947383
4277,3.77019701047361
4279,2.32477965631242
4299,3.90805129788209
4313,2.45385853371952
4322,4.14482755690119
4324,3.69942260302287
4328,2.91637345106332
4331,2.87442077037143
4335,2.23402961149815
4337,3.72108499084872
4338,2.26715899055949
4343,2.0394481390658
4347,1.91137251454107
4355,3.66357221106271
4357,2.29396807259902
4359,6.02193506018659
4362,1.99668678811812
4368,2.58339089484959
4374,5.29965371667146
4375,5.21997078945982
4378,3.47578748616322
4381,2.97053619045334
4387,4.46717394951227
4400,2.305935577405
4423,4.3476326176195
4424,2.68815306507811
4428,4.04497327619873
4433,6.82968523129477
4436,1.71997968610116
4437,3.29303256102409
4439,5.86568111008541
4449,3.88247840584349
4456,3.74888799842044
4463,5.41404066143104
4467,2.46619370438444
4468,2.92582608234537
4469,2.63777447774539
4472,3.65489902629195
4473,4.09200023906104
4476,2.82979654173516
4500,2.57767793220212
4509,4.11989862109933
4513,2.37295123199412
4521,2.41995745056859
4527,2.61110738925835
4530,1.93820557944258
4532,2.4441246706567
4533,2.88789981471105
4535,2.4334399222648
4536,4.70679348102564
4542,3.87203555148906
4551,2.39669512834798
4554,3.75752831233302
4555,2.04800629871469
4564,2.18406287441185
4572,2.26222162179072
4573,6.7769742683274
4577,1.07816533333496
4579,5.47946140566811
4583,3.42684089072645
4584,5.55103654940163
4596,3.1407288895598
4599,3.89213873448381
4607,3.73472988920969
4609,0.170936704006511
4610,2.60421494464215
4616,2.01672863230003
4617,2.84714961085523
4633,4.22636917800249
4638,3.61186445818386
4641,2.94182371406047
4653,7.03336618342411
4655,4.12629877495085
4659,0.236987544404342
4669,2.61768309941128
4678,3.15299706247011
4685,4.47934635293269
4686,3.62512423457059
4691,2.23098637878399
4695,4.72200343590664
4698,3.65677557789817
4700,4.5729343727018
4711,2.98417687556028
4722,3.87463168820815
4727,3.4181661477965
4756,5.81990850926986
4762,0.329379461745142
4763,2.94203736663294
4766,4.30602383519869
4770,0.224213578193313
4784,3.39973627403326
4791,2.63807022479929
4795,5.12652082974104
4799,2.39372891521514
4802,4.07846420005217
4805,3.71833494177043
4814,4.81982464941234
4816,2.31407688494805
4817,3.7907377557793
4822,3.0493704786266
4827,2.44177456003374
4833,4.15085441223618
4836,4.29486464282238
4842,2.9685196113423
4844,2.94866009298697
4845,2.62161439368849
4849,4.06503522675688
4850,0.526151488552083
4860,4.4772291956533
4863,2.34293530181751
4871,3.82694124409041
4878,3.58632103679289
4881,2.77994975176631
4888,1.99046052176867
4900,6.68613676494375
4906,3.26638937128143
4909,3.99490650216676
4916,4.63178588466785
4918,5.17865207091326
4926,2.99705266342313
4928,2.28631296217216
4941,2.36437016213879
4946,4.48107639902388
4949,2.77534170220394
4956,2.69041039081481
4966,4.08787699110145
4969,2.34989453144241
4973,3.79292173099051
4978,5.16362067573649
4982,3.40454262386889
4985,4.61404878773484
4991,3.05220487269469
4998,3.78408135792196
5000,2.52117999105404
5004,3.56404840252728
5005,2.39018863337497
5011,4.61241125015505
5016,2.50554827717647
5018,2.97855102559199
5034,3.95768992890171
5038,3.366785557455
5042,6.51127625907985
5046,2.94103043475661
5051,2.84812956437023
5054,0.437077458479596
5057,4.18946213618946
5062,3.82242781902326
5063,4.57221800853297
5065,3.06673401815646
5066,2.37000924443918
5076,2.55954012798979
5089,2.93108393335444
5092,2.36708986629381
5093,4.25201143319072
5094,4.04791907532023
5098,3.60537965047063
5102,2.63411345869407
5112,5.15956614643146
5117,2.59137491124479
5127,3.46717949148584
5130,2.45195197481446
5131,2.28394418731853
5132,3.54458439117004
5135,3.39692173527763
5136,2.83584572341866
5147,4.83106308522569
5157,3.70044729671494
5160,2.34929700424524
5165,2.21492269511517
5166,2.66903527043463
5172,2.50592810273255
5173,2.50045070173169
5179,3.14303031223035
5184,5.34138426622778
5187,2.24668094726843
5191,3.1839969746048
5193,0.911018970435119
5194,2.64291803999295
5199,2.46311446730315
5212,3.59722477278778
5213,3.02260973209512
5224,3.77411082746401
5226,3.82760022968973
5239,5.19431933796416
5252,4.75434078164768
5264,1.89502810326684
5266,2.09146965439323
5271,5.12800009101208
5273,3.85987045421953
5276,2.54919942662413
5278,4.23031118875997
5281,2.22767127808973
5283,4.03150826757045
5291,4.63418360702294
5294,6.45663042493194
5296,3.7997141064245
5297,3.28462797421965
5313,3.61341581160881
5314,2.8431937263094
5321,2.92628927567244
5325,3.16269838252679
5326,3.24991111323444
5328,3.44480276519606
5334,2.97862697900035
5338,4.69436996162018
5344,1.80617674547277
5348,0.754247023933501
5352,0.56201029515022
5353,3.88704632939628
5354,3.64173622049256
5361,0.126725782542231
5364,2.24635992692438
5365,3.81589980756048
5367,1.46069960136253
5379,4.85149092086464
5382,3.12207048256066
5386,4.92564387308681
5395,4.02614104221931
5410,4.61450359432726
5411,2.71511711748518
5416,5.11647792428646
5424,3.21241717223803
5426,2.75484983840865
5428,0.743815337095666
5430,4.62496984917951
5433,0.610434734894962
5437,3.04845253413063
5440,3.5273132563042
5442,4.94867279535985
5445,3.06307784835637
5449,3.70879023316724
5452,3.82271681035982
5460,2.72455906742668
5461,2.24673916166114
5465,1.18763317112076
5467,4.09095737618561
5471,4.69608834562233
5474,3.4789370685889
5475,2.9217944022951
5480,2.91866721931576
5481,3.69123672809601
5484,0.498637816781516
5494,5.98923431910029
5495,2.46048034031297
5497,2.76885529549806
5499,2.93706766968148
5507,2.65781079700028
5510,3.10661832402307
5515,2.65552744665768
5516,1.99992078982731
5517,0.912441323340337
5524,4.01798559550855
5530,6.3321989701711
5534,2.65739179097862
5543,0.555188244134746
5545,2.96982801638337
5558,3.7862980294084
5562,3.15438714519289
5573,7.02172806951295
5581,4.01545196538836
5583,5.46925335304389
5587,3.34816525297977
5589,2.18849670326249
5591,5.17355890467407
5596,2.86199755440117
5606,4.01343285119508
5608,4.81316075168019
5611,3.0886967074064
5612,4.85887420062173
5614,4.32531030564231
5620,3.89051950230158
5623,5.44204689067598
5624,0.959748060370338
5626,6.20921956077806
5633,2.04259996719401
5635,2.90283371509567
5640,4.6235747848509
5643,2.78178211130544
5644,5.69328585970561
5653,5.31828878668408
5663,4.06504371277587
5664,5.09543706994031
5667,2.43273334720343
5671,0.469863944253886
5673,3.66247693599286
5676,2.45524991864634
5678,2.04812128475794
5698,2.33848585983374
5700,5.71311302535999
5705,3.70470561467023
5706,5.71533552090125
5711,3.10211780141941
5712,5.21707108272603
5716,2.77340471197196
5719,2.31505721740277
5725,2.33500583935508
5728,7.04717819948562
5734,0.455182656281933
5735,3.93955121010255
5743,2.55047553462216
5754,2.44230918629462
5755,2.28235032037232
5756,4.67010028277568
5766,3.06486210658136
5770,3.83845343126154
5774,2.18819526867403
5775,2.41690709648192
5776,3.93958867844619
5778,5.90121707745181
5786,2.93840123568312
5787,3.6291047114176
5791,4.88462531649579
5794,3.13175850410065
5803,3.09377495399262
5804,3.12591503871705
5808,1.83973187659795
5810,3.87605066282771
5813,3.89923662503053
5828,3.12369195967515
5839,5.6370822529425
5842,3.95684704168387
5843,2.63091553858419
5844,3.79067504795692
5847,2.41245169974995
5851,2.37623842338166
5854,3.27123388869367
5857,2.69349486450512
5866,2.10572017163795
5874,0.59122007840699
5886,3.47188042300659
5895,1.57125759394346
5897,2.535463466012
5898,2.72385152024061
5900,4.22307081244349
5902,0.2319548176282
5908,2.73279782045199
5909,3.23578881103593
5912,5.89395314207863
5913,0.445294094077275
5917,4.47025778390947
5918,3.01628105329624
5921,3.24032664353675
5931,2.33248329172016
5942,3.9560251583957
5943,3.09711789994487
5950,3.95796571616188
5954,0.215930466621158
5983,2.87241427567075
5995,3.08964019007335
6002,2.5688114222838
6005,3.78692099029965
6009,6.80153061124019
6011,2.57542553575463
6012,4.45247103359092
6019,2.41650998215213
6021,2.93363727545347
6029,5.09798334404345
6036,4.24865131113178
6037,2.9429936610982
6038,1.8041080022937
6043,1.12572776189771
6045,4.00434923667536
6047,0.474703160666586
6048,2.87163812769002
6061,3.98307133461442
6063,2.58242338492048
6064,5.0244552805565
6068,4.37562726586034
6069,3.19256042903907
6070,3.70258710982824
6071,5.36388471658681
6074,4.17481935724059
6079,3.57281710247377
6082,2.89737600190855
6088,4.16553353003462
6094,2.63214370263682
6095,2.86812702639307
6098,2.75074406907303
6102,3.76110701739906
6105,3.64056866412963
6113,5.09362946835213
6116,2.66733303724727
6120,0.891124314704717
6121,2.48430194146456
6126,2.43968709397539
6144,3.83071264594068
6145,4.51672034830255
6153,2.54072132997003
6156,3.65616564470972
6159,4.15139912592957
6162,2.59251903632792
6184,2.57230341642895
6188,2.75355038341534
6189,2.89843182832597
6191,2.20922952861437
6211,3.72460893782695
6216,3.72214709693428
6218,2.4191055367945
6222,3.14518253631138
6235,3.04823579981364
6245,2.33328034498588
6248,3.56227162597411
6253,3.58209015044151
6256,3.00412545955348
6257,4.29180297908499
6259,1.84775942384063
6266,4.69507279503025
6268,3.71273894161945
6275,1.93172849782986
6280,3.17494388697446
6283,2.46074221788105
6288,4.50815137312601
6289,2.35703726825262
6301,5.40652849358655
6308,4.24522500013314
6314,3.94616279395534
6315,2.76366061541218
6316,3.64567804960048
6317,2.92106635766822
6318,2.54757881403698
6323,3.55262511465708
6329,3.58115544492634
6336,2.31489064952957
6341,4.8150779298287
6348,3.30700520826
6349,4.62155463424827
6365,2.58534074021442
6372,3.74478828801997
6376,2.82031824766482
6378,0.414665771888949
6379,4.67026722882042
6382,0.53917729873228
6383,2.94880947464304
6389,5.10119845279611
6390,1.87237254060082
6392,4.53188594775417
6394,2.84674910303291
6402,4.2051168130756
6404,2.41299293606396
6405,2.59141759049698
6406,0.524850428503956
6409,4.25407085612511
6410,5.07698332499839
6411,3.76301716077499
6421,4.98663346633474
6428,6.91985685551764
6429,2.59464063993313
6432,4.07521582457671
6436,0.676860250339553
6437,3.79908739977095
6438,0.108329276544991
6445,2.85920017156465
6447,4.19142006004525
6450,4.37067559817251
6462,4.64824763509151
6467,3.79913071599802
6478,3.72918298920722
6484,4.7817873521761
6492,4.5153642099589
6497,6.9054319659618
6504,3.02814292852078
6505,0.669577480078645
6513,2.98098893790467
6525,4.53303858932076
6526,4.72938235988894
6528,2.7453473984265
6540,3.73336831959198
6542,1.70064455026312
6544,5.32775854142477
6548,3.77772385017969
6552,3.02666691560361
6558,3.77963309289488
6567,2.34596378506241
6569,4.4830395621209
6572,5.54157353856886
6577,6.0009981585404
6581,3.31773933183348
6588,2.92474289046004
6591,2.14057271640298
6594,2.51238407003603
6600,6.43285160796839
6602,3.30164280079738
6604,2.57953332101299
6605,3.7029796026631
6614,2.42808374154594
6616,1.29105078921855
6621,2.88249057390243
6640,4.5579846197403
6641,2.92225601193885
6643,2.33067973506582
6644,2.82196732574213
6649,2.11875670012217
6650,3.68775609118825
6655,5.538137593235
6661,2.12198397767184
6672,4.58698158259211
6677,3.04207034656748
6688,2.22642260503572
6689,5.24858380079211
6691,2.58033489486211
6692,5.10070561482871
6694,3.26101042930269
6702,2.41019449070689
6714,2.47830452095133
6716,5.15685665454403
6724,3.73451464802402
6725,2.75462407060064
6730,3.65158884765869
6735,2.87103205347187
6738,2.98644643432051
6739,3.03439996849437
6743,3.79934055857196
6747,2.58292349178127
6750,7.11566453198594
6751,3.32980758912131
6753,4.24727615037554
6754,2.80601518488544
6755,1.90458156118194
6762,3.80787856604081
6764,3.79477545789048
6772,4.78591414558698
6774,2.32504072760078
6787,2.49662081163539
6789,3.38927990894979
6793,3.99801219025568
6798,4.00510896957004
6799,0.100249987641833
6800,4.22633082167696
6802,2.60182154955972
6808,2.39284445401216
6809,4.07505319419442
6812,4.55954002878301
6814,2.71932669271797
6816,2.57576262860212
6822,3.2563539110271
6829,3.69816610665232
6834,2.42754983911913
6836,4.41445899031995
6839,3.34347963756918
6840,2.54118603452911
6843,4.35423311922235
6846,2.13779282594644
6848,1.1294124635529
6852,2.49569573825946
6856,5.38988750677211
6860,4.62762154645419
6866,4.17114042493775
6870,4.09155948095844
6878,4.47560706236337
6880,5.09186635702236
6885,5.31848101745488
6897,4.02115744319932
6902,3.42810425704133
6904,4.10467315769028
6907,4.09318997046075
6909,1.60751120244845
6914,2.00351270947311
6915,5.52449032061352
6922,2.30626752347313
6924,2.31644507963893
6933,3.53108402712936
6934,4.82161916153777
6941,3.89804317179752
6957,2.45738231411662
6960,0.716545288491036
6969,0.143160334587667
6975,2.66816062371557
6980,2.41515469189532
6983,1.26987301021295
6987,2.33190366001056
6994,2.21630628164084
6997,4.83317543690922
7002,3.1235154246045
7010,2.43956163191827
7015,2.70341786222385
7019,3.01874460405126
7022,4.6054971185855
7025,2.61806127563608
7029,3.85226370672033
7031,2.48002902668856
7037,2.39401581695519
7038,3.72743533979536
7043,1.34845224455553
7049,3.08318241536827
7052,2.83201120686941
7053,4.22090912171204
7056,3.08775131290538
7057,4.29604285311729
7080,3.31662352412331
7086,2.61403136547996
7087,3.5491140909661
7105,3.62057170846408
7108,2.35768348504376
7121,1.10593077859087
7122,2.3350295047555
7125,2.93295813915951
7132,3.14475833824887
7134,3.65376434570047
7151,2.55277708430624
7152,3.24058273340676
7157,3.10340227824138
7159,3.29752664260603
7166,2.00669183320207
7167,3.38442201917751
7177,3.04382054862487
7179,2.77594222257591
7181,3.68527874579451
7183,5.393589925139
7186,3.68562672066223
7193,5.42877689032335
7205,3.13419108418114
7207,3.38832282518404
7209,3.91930870579583
7216,3.91824855384672
7232,1.32659743863169
7235,2.58263098941338
7238,2.42178313925204
7240,2.35261980945598
7243,2.21592315157436
7252,2.42910461798492
7269,2.4803610761127
7275,3.77381453725935
7281,2.29786644273853
7283,1.91863945898823
7287,6.62669078870293
7289,6.25585118621986
7291,4.17320964195332
7294,6.05127550692005
7304,5.53544852549389
7308,4.19706829407541
7313,2.99888828407283
7319,2.36768817974835
7325,2.51429826860038
7326,2.62563240462503
7330,5.25523374371332
7332,4.34207137745346
7337,2.23408829525917
7341,2.03990153725355
7346,3.24972675722318
7353,1.92422582569787
7354,4.10207099576943
7361,0.323853561591124
7366,4.26856232533404
7368,5.29693936936002
7372,3.95663518301058
7375,2.95774689379177
7377,6.40760154524831
7380,0.282966448739373
7382,4.261091930132
7385,2.67296952633776
7392,2.34878310129756
7395,4.35862095280965
7397,3.22719021242395
7403,3.23854746814638
7406,3.32446990309469
7409,1.31221055406952
7410,3.77676298576996
7412,4.35727343593116
7419,3.16235690532861
7425,3.00801816701621
7435,7.18605139024846
7438,3.83716273377296
7440,4.47790657537566
7447,3.08053314034543
7449,2.29205979555017
7456,3.5544229385942
7464,3.95362670536622
7478,2.56758291311033
7480,3.09231564255383
7481,5.26906914840474
7483,3.63833429580214
7484,1.50575401268119
7491,4.0733417258321
7494,2.32892518829971
7501,2.44572612892136
7503,4.05941648722193
7509,2.34627260963687
7517,0.801401846686811
7518,5.91595534754447
7519,2.00568114423598
7521,5.49772101559235
7522,2.64561362798837
7536,3.6751382819629
7539,0.791085398031933
7547,6.32509065013577
7549,3.11328526716784
7552,2.75616046982848
7554,1.20220669024646
7556,3.60604831664326
7564,3.83838665972964
7566,2.64689850029417
7570,4.1962298096996
7571,2.70065599248956
7572,3.56664569410969
7575,2.22627559767433
7586,3.59789163640124
7589,5.08149709420076
7590,2.80654421485868
7597,3.71364384501729
7602,4.51919144507754
7604,4.34034480157353
7605,2.9607668520289
7612,2.18754765578853
7615,3.94434307317328
7617,3.1142863370155
7624,3.6424489958907
7632,4.07856284551175
7639,4.24834645559952
7642,2.37567632749615
7643,3.52172607269016
7649,3.59635277436151
7650,2.91273839909228
7653,3.98823915105553
7654,3.19522074786347
7657,5.24004430487854
7662,2.62976811232859
7669,3.84687431874183
7671,2.78911766617855
7675,0.60755548315825
7678,4.20763680605883
7682,4.28942480753464
7688,2.54182405488779
7689,0.782129893275766
7690,4.95311656001821
7692,2.28582824583991
7699,2.46907545622813
7705,2.98170103464791
7712,3.07917435664671
7726,4.58992668645126
7728,1.88313225661671
7735,4.07437594542486
7737,2.48346182300203
7739,3.71915080076449
7743,4.79059362259003
7744,5.44366008468085
7746,2.41438498857517
7749,0.799143469600215
7750,3.9801512673806
7752,3.87625321890146
7755,4.94038556460783
7756,3.73886164357009
7762,4.27274859670649
7764,1.86497396807738
7769,2.46534005940223
7770,2.37241154782047
7776,5.16419001187196
7778,5.37306111009115
7784,2.53132715486086
7786,2.8718915106068
7789,3.00610233112368
7793,4.33897799161135
7794,2.50425518754058
7804,3.19473856814314
7811,4.56383424821456
7813,2.88486798032561
7815,1.72601363003096
7817,2.18021572192066
7818,3.77442785020904
7821,5.67072246486018
7825,3.40948350394736
7830,5.12539232064126
7832,3.80515039164929
7835,0.470825095987134
7839,6.68596352084156
7842,5.03157756825055
7849,3.98711412495532
7856,2.57044932758999
7857,2.57606100547848
7863,4.76550576870847
7866,4.29211114276583
7871,3.13051730776005
7875,2.40965012764132
7882,2.270969062339
7887,1.49669155146861
7888,3.50449628165389
7891,1.98608457709489
7895,4.47826278987175
7901,4.17687654690741
7906,2.53114244955839
7908,3.27254579192714
7917,1.9729670804981
7924,3.13462618140044
7948,4.04729627327313
7950,5.71006368901764
7955,2.36354776027287
7957,4.14541948051147
7959,2.48759151400855
7967,4.76108375908192
7969,2.68962867330161
7971,4.43146670040968
7974,3.03132618843019
7976,2.59746567149362
7986,5.57472128990416
7987,0.550485669861847
7993,4.01165196524737
7996,3.8160229523113
7998,3.27692586916152
8018,3.06481039426854
8019,2.4952363401681
8027,2.38856001412403
8036,2.81570637872596
8040,4.68313014767067
8044,3.40287074455663
8050,2.9378565833997
8052,2.70240499556378
8054,3.09462982072794
8057,3.80626187371423
8058,4.21941765308505
8059,2.71340916952262
8066,2.65393918204952
8070,6.4480903206379
8072,6.51174847727554
8078,2.62677257686034
8079,3.10689149562065
8080,4.12990775350135
8081,4.22085907056509
8088,3.312620109968
8091,2.57375432949
8094,2.40251362973904
8095,2.6185582044292
8099,4.3238344956919
8101,5.31886792722888
8102,5.36988417260048
8116,4.36320371504982
8125,4.15394150458916
8134,5.50638695679671
8139,2.24660868186789
8141,4.62840090418741
8147,3.02159320660752
8158,5.74402176812235
8160,2.54272711694598
8165,2.94478096569299
8187,2.39538337464755
8205,2.50326495494601
8209,2.45804241294551
8211,3.75541017949585
8232,3.79862680668361
8236,4.63596716353291
8237,5.62713780462009
8238,6.33865943368518
8245,4.09317269601972
8256,2.95101888448615
8268,3.18534867871571
8269,2.4953956937976
8270,4.59580077961378
8286,2.63324059917728
8289,3.80703049874369
8301,3.13129829918528
8305,2.41683831972483
8310,3.00411105710854
8312,1.92183847533058
8318,5.21360382019837
8321,4.12071947585802
8328,0.188026450920237
8331,4.59966419020629
8334,2.84981081261688
8344,3.86141624687945
8345,2.34349881614743
8352,4.56989726288408
8358,3.64031256437434
8359,2.1579979830544
8360,2.59159312621377
8365,3.23162484408147
8366,3.095466952507
8369,5.12558721535591
8373,5.46992172090649
8378,3.82991243067674
8392,2.95097756858137
8397,2.96288757216709
8399,2.34812317845952
8400,2.24460114164428
8405,2.63919331040583
8406,4.68387796407333
8410,0.173005244583201
8413,4.06227465606227
8414,0.375885359871321
8416,5.31151120780135
8426,2.4513167808089
8434,4.79776670374761
8439,4.95904154785671
8440,1.22912632723502
8475,4.13434824297456
8480,5.41578147492623
8497,2.23137550362067
8499,4.08841121132456
8500,2.927728529717
8501,3.00956860951242
8502,2.76436784931457
8518,5.73334270791356
8520,3.88653638981132
8523,4.6969252718156
8525,1.00065133402295
8532,2.51350705138765
8535,2.01344004578173
8543,3.66371014893104
8554,1.78900739825712
8560,4.47199103748737
8561,3.48385846139762
8563,0.901224185741869
8566,2.48148284506213
8570,3.82908593024776
8572,3.32900143365381
8582,1.93279994960572
8583,1.27705748505423
8587,3.70091776346743
8592,2.09013300242046
8593,4.1418218239953
8607,2.26300627017096
8609,4.66007728730332
8610,3.68460234980656
8614,3.969582830766
8616,4.44656366251372
8622,3.48289110690133
8623,3.92568246384834
8624,1.22379125969837
8633,5.54557079694171
8641,6.53118142384894
8644,5.47077834131354
8649,4.52810775368124
8653,2.97166477937959
8657,6.90089600978663
8658,2.62135528788947
8663,3.57832972797904
8672,2.14466708653988
8680,0.363272137919046
8684,2.75269936296616
8687,3.35649032312135
8688,3.83765175169169
8690,3.70665203246864
8712,2.69317439825682
8717,3.07434567475132
8730,5.20225308606055
8739,3.73440500128835
8744,4.58445832942428
8747,5.43641576337622
8748,4.25743304628564
8751,2.83398058065517
8758,3.64918478177974
8761,1.02574776195986
8763,2.75546296368568
8764,3.9970920481355
8765,6.4971702479048
8773,4.31743091105734
8780,2.70285312688771
8781,2.94270156326961
8782,3.57049928989948
8785,0.0630469687776927
8786,1.58618608902293
8797,0.621281020879913
8799,3.98503213318042
8807,0.628554286491664
8816,3.5190219929866
8817,3.1796399199653
8826,5.23590851062528
8833,3.10606657506485
8834,3.03288928600273
8835,2.43108937235937
8840,5.14383019766618
8843,2.9315376454783
8849,3.02351013605031
8855,2.97095261832303
8861,2.16782311515461
8862,3.92938205836765
8865,2.60476525570422
8868,4.47510979335974
8870,4.54672959590111
8880,4.54289519051706
8885,2.72811415169252
8894,3.5365953759277
8895,4.34573253138866
8899,4.39173224825492
8912,2.86517749686276
8922,2.5210087008116
8924,3.03850648917609
8928,3.96712257066159
8932,4.32795831035136
8943,5.50683693857446
8945,5.63573376529968
8946,4.94940140199746
8954,1.74501324637427
8958,3.84879101436177
8960,2.25203137859329
8965,1.51548559310927
8966,4.73797369927746
8967,2.3275954550096
8969,3.02080616047312
8980,4.0357524063376
8984,3.90547664761623
8985,2.90076016975589
8988,2.80937060363804
8989,4.8120592191379
8995,0.545862744880577
9004,2.29981175014867
9010,1.73607660243741
9012,2.39264530652133
9018,3.67551964354589
9036,0.486691518846391
9037,2.22202524980792
9040,4.42300225631081
9041,5.92029315978786
9044,5.73807684771427
9045,3.01333805934815
9047,2.41951265808529
9049,2.47063030663041
9061,2.90999660285955
9062,2.59505194961071
9076,3.73281972157581
9079,2.51197184577846
9081,4.10707467672511
9082,4.38268260482482
9089,2.49944757621726
9092,2.95563585042976
9094,2.88906363783918
9115,0.482889936819246
9117,4.08300208040125
9118,3.13649827355345
9120,1.24017000900594
9124,2.5641252422315
9128,1.09736891961769
9135,2.38775787675998
9136,2.65303037904317
9138,4.00023010687501
9157,4.00442019259788
9176,3.4931341693539
9183,2.81568072320095
9187,3.01592891763717
9188,2.3099440110672
9190,4.45519504996326
9197,3.94137858065068
9200,3.23359054271174
9201,3.34614866063839
9203,3.53933264449279
9212,3.65618183454748
9213,0.761656120168874
9214,4.36057450154938
9217,2.46149477856503
9219,3.49165405838409
9220,4.9867517201924
9221,5.79289656031694
9237,1.73594245509824
9240,4.59042195613713
9241,2.4397577759758
9248,3.12271698287718
9253,7.02935002858275
9259,4.65849111511107
9267,3.02500450321741
9271,2.53532237700256
9273,2.17446492636688
9285,5.53042502481529
9290,3.74531584214534
9291,3.54316623173379
9293,2.37531057106521
9294,3.64260450976755
9301,2.98460444712292
9302,3.95071301118046
9312,2.23094212478298
9316,3.72139751992774
9319,2.31825345227711
9328,5.01666894483795
9331,4.17275048356144
9338,1.8619984494641
9350,2.8248301632406
9356,3.78742311738643
9359,2.27240531201427
9362,3.38076727008806
9364,2.87575284573665
9370,3.09768784866037
9380,2.60247001139258
9386,4.79444237977604
9394,3.36053365250982
9407,3.83543838626482
9411,2.95118360013497
9422,3.57597105381145
9423,0.248235935524709
9429,2.80153667092792
9433,0.461021786439128
9439,3.34466678142605
9451,4.05444008111507
9452,3.10497391557226
9453,2.50606818945669
9460,5.13725508796687
9465,5.83538431531315
9470,4.28238860761572
9476,3.87852449217208
9485,3.73621558283094
9486,2.38167927780292
9488,2.88008049103853
9507,5.75879907886661
9508,2.35772476518347
9517,7.09232431859438
9521,6.0002067674112
9528,3.1012227896268
9532,2.99142815940385
9536,2.87090320821464
9540,5.10239563365075
9542,4.6088094377514
9546,3.60463198079662
9548,4.30573842030171
9549,5.83842917625747
9554,4.68288276840319
9555,4.5352936374732
9558,0.677105065242455
9573,2.62728225731834
9575,4.58547693296088
9584,2.99392584468969
9586,3.80027789563883
9588,5.51731012066349
9591,0.350152157392784
9592,4.5114782899457
9597,6.62071832569521
9600,4.13013388375113
9603,3.63308663333295
9605,2.56619058143977
9614,0.251933163080612
9616,4.92746600379372
9622,3.78072010232523
9624,4.09390854266945
9629,0.450381718400967
9633,4.02596102751456
9640,4.13298331485366
9644,1.89193227231109
9645,3.55322826880468
9646,2.87267142022164
9648,3.00024572112315
9649,0.682873338922147
9660,3.88014493786542
9664,3.37650208632622
9675,3.88159565281366
9679,3.19029473872378
9680,3.13849568335494
9682,2.17126095494889
9697,2.82797846532698
9701,3.3667135840907
9704,2.93337668895416
9705,3.14054789773996
9707,3.95336723119783
9714,0.189076949082925
9718,2.56667115126129
9722,5.33819238603984
9739,2.77230236200749
9747,5.5416507572997
9751,2.67661205526858
9757,2.27450894321779
9759,3.40465421396597
9760,3.98437578896968
9764,2.74358815815368
9776,0.58519243479626
9778,2.68280675672326
9786,2.00369656269933
9803,3.60752670359188
9804,4.78325853863883
9815,5.27967908730435
9824,1.94280472108895
9825,0.118535292348466
9826,3.092538032027
9827,3.8380195349741
9833,3.60947387435594
9835,0.418042617448209
9860,3.85285410421599
9865,2.42724164813066
9871,3.4357077267029
9874,2.39229351159467
9880,1.8533563154621
9882,1.01922850640096
9885,3.11154716347231
9888,4.5275163822987
9892,1.9265912019337
9893,5.12750292534665
9896,0.773157593827373
9902,3.08264687155004
9906,3.87595245145558
9910,5.03531158556102
9914,3.8182359006577
9918,2.97503687249133
9920,0.562699623562075
9926,4.1955074270271
9931,6.31861102345276
9935,3.8537629130264
9945,4.82700213375705
9953,0.377689035429796
9957,2.93124356993188
9963,4.50496765101136
9972,4.61081308915551
9976,4.42158253119105
9979,2.74632332217714
9980,2.76385142909171
9982,0.275478489229565
9991,3.76008727327322
10000,5.44878409710555
10003,3.69633085548763
10005,2.38554034598242
10014,3.40949847766323
10032,2.95717249904444
10034,2.85963737519337
10041,2.35622464568514
10042,4.13135587150351
10044,5.22311893103862
10045,1.9607078732959
10054,3.68310321248714
10061,5.83351011748108
10062,3.6349505031473
10073,0.839221968469366
10081,3.30008962922954
10084,2.59343227460557
10086,0.0342914851183854
10093,2.40092171956583
10101,5.42166675278111
10105,3.98540361836014
10110,3.69056228825961
10113,3.0100594518837
10115,2.90833793683193
10119,3.78369570395672
10121,3.22401263698781
10124,2.15776335181448
10126,5.19796371134769
10127,3.31415117104899
10145,3.18201369343268
10147,0.867897923588
10148,2.49712817570865
10162,2.19542575116086
10163,2.4943915513351
10166,2.05285319475818
10172,3.63262007323956
10173,2.26199984015315
10175,2.41290132906195
10180,3.18023767681881
10186,0.232019187966968
10192,3.42930810982276
10199,2.87695653147366
10209,0.110632262792498
10210,7.38686205936083
10214,3.32124496169325
10215,3.2433222272217
10216,2.62244858221709
10232,2.06719489475023
10239,5.11008876943958
10249,4.9483254731372
10253,5.29316979034961
10255,3.31616243785008
10262,2.93176389104645
10264,2.34337405630936
10266,3.808285433256
10268,2.79802968627788
10271,2.90604666736988
10272,5.5054374261517
10276,2.24959764653493
10277,2.26533197821072
10279,2.74622784481587
10281,1.97738986317374
10285,2.33662586741922
10294,0.703498858215706
10300,2.88077113346523
10304,3.02505593103651
10307,2.3966933432669
10309,5.31185756324177
10310,3.38441370442495
10312,3.01502718305358
10321,3.00290201190765
10332,0.0651484173708598
10336,3.57726229013329
10368,2.83472335757622
10369,5.9287402101299
10375,0.872829232637455
10376,0.999746838164784
10379,3.6039522906231
10380,2.84547073810285
10383,2.21330626934783
10385,5.32327402439364
10387,3.6589370405422
10397,2.74833717834071
10412,2.94299689400602
10413,4.14280913972739
10418,2.48314229413741
10420,3.06993331145101
10426,3.74263765951443
10427,2.62133153056126
10428,3.05602505927825
10430,2.81738469122644
10435,3.53887889999248
10436,1.16076194814945
10446,5.80222556938342
10448,3.38988322838054
10449,4.7372768519235
10463,2.37838909669672
10469,2.31160453568485
10470,4.26274063049408
10471,3.75949979686357
10473,5.33600843136831
10476,2.94545741452743
10482,3.08471103258295
10500,3.02230942753198
10511,5.05663398965883
10512,4.29854289672697
10514,3.63737650528467
10515,4.29602526547538
10526,2.65961610423178
10546,2.554081377192
10549,3.83033226395509
10553,0.792836638784344
10558,2.31430737413881
10575,2.93909897102368
10581,2.45482404737916
10583,0.954465327967544
10584,2.45215831717023
10585,2.289538343562
10610,4.32717366024198
10611,2.00870162926715
10616,4.51300210650821
10618,3.0730144102216
10628,0.404978766279481
10632,0.949746167670736
10642,3.67768719441321
10648,3.0582235081191
10649,3.58051740455906
10650,2.94876998969159
10654,2.02645860484161
10656,5.19569229494654
10661,5.06459597371401
10663,1.37888482002652
10672,3.05499032714968
10678,5.33950162479533
10685,4.0243656650694
10690,5.09291081236098
10702,3.71143397545388
10706,3.37517135838739
10708,2.40709630223603
10716,3.03585875629096
10717,4.49149002378722
10720,5.22716434974517
10729,2.4717323530548
10730,5.48337173345155
10745,4.65381711904431
10753,2.34609330968154
10754,2.25674527587219
10762,2.3607681287831
10766,0.868758376856787
10776,0.884306352680716
10783,2.5886362272507
10789,2.92126888599699
10790,5.89153742939173
10797,3.20418545449306
10807,2.97677853776599
10810,2.48886768188458
10817,2.81847693302462
10820,2.58108854204177
10822,3.61852550325382
10828,4.51429103057213
10829,2.45265449582522
10830,2.53794855417137
10831,5.93334759265163
10841,6.16742928944182
10847,3.22481946133883
10856,1.61860128786509
10860,2.62099310063603
10861,5.25938848931257
10863,2.94554962919679
10875,2.17844099788611
10884,4.220821324065
10895,2.94477167856539
10897,2.9953471796184
10898,2.57932954197098
10903,3.35636925721412
10908,2.43711422158633
10924,2.39414154868574
10926,2.28744323229548
10927,2.93794706851702
10928,2.58080508287368
10933,0.173397444758575
10939,5.61279090079216
10942,4.09528459166071
10945,2.97737825271268
10949,3.81820671704326
10950,2.89259242206121
10958,6.17382972416259
10963,3.6914908176123
10967,3.15676810089965
10971,2.45093008387294
10972,3.00110158415542
10974,3.78430372909851
10976,4.43750902319057
10980,2.84008410492822
10991,2.86690995022058
10995,4.1189785815488
11014,5.19676331426878
11017,4.89531646123784
11019,4.80370388680005
11022,2.42794095764048
11030,4.26634368480399
11031,3.03107619639706
11041,2.81350009161418
11042,3.7799545569229
11044,4.07252141101793
11047,4.76338727229994
11048,3.08308132880942
11049,3.14724193253118
11052,2.96035262858562
11058,0.298971491457369
11069,3.06756327598356
11070,2.95323387821169
11073,5.37608870851573
11074,0.595797655230224
11078,3.60820202923384
11079,2.64270396109654
11085,3.19098520141232
11088,3.67542373577351
11106,2.22854094909892
11110,5.34134616936156
11114,3.54174871843188
11118,2.44710473885418
11129,4.77885489355399
11130,3.75525788913987
11131,3.64805580255715
11133,2.50945253670241
11138,3.4285419304827
11143,3.99159717299649
11146,4.20731070927318
11153,3.79318887876302
11162,2.47692020440377
11170,6.77196502589721
11171,1.55867081310139
11201,3.10785403448071
11216,5.05512830863708
11219,2.66847482087797
11222,4.74834689630135
11234,2.62613984478641
11238,3.8059729846386
11244,3.00671404970688
11246,1.3409017357693
11248,6.0366830080149
11250,2.41863801886135
11256,4.39779883772317
11259,2.29212359241773
11263,0.261369497427281
11264,2.80357547908785
11270,2.33023726749312
11274,2.67674454048427
11281,2.93343732891257
11285,0.534424189121398
11300,2.17286269006112
11305,2.83435659520181
11317,3.34399964937529
11319,2.44290346170827
11330,4.80326403363498
11334,5.08893215218398
11335,5.45259334791279
11336,2.86363756261191
11356,4.05646322263145
11358,3.48295386520125
11360,0.588388196688456
11364,3.16174682606858
11373,5.53009473591572
11379,3.43123955020638
11382,4.17276472034393
11383,1.18412459801106
11385,4.03654327196918
11387,3.02533820138928
11391,2.95021665290358
11397,2.4045399693021
11404,1.96653339554105
11405,1.13514078555133
11409,4.28752928192922
11419,2.89178710495281
11430,4.22601109716395
11434,5.57335094546031
11436,2.38987973563283
11440,3.17579975410401
11443,2.64780771098001
11449,2.39735442241792
11452,4.03883325428965
11453,2.69825222595712
11456,4.67514627823742
11457,2.40184464273271
11459,4.33289449359947
11471,1.59278844484894
11476,3.0472157942961
11479,0.395408961681943
11481,3.64053745855466
11485,2.31120747900222
11486,2.51935308945518
11487,2.67334272438416
11488,2.23101800875783
11498,0.586073736392586
11506,2.55697296565292
11511,5.24612111806454
11515,0.830212882316552
11518,0.322197798461426
11521,2.30769224646121
11523,2.69421663203967
11524,4.53765164641546
11525,3.65117285983596
11528,2.43981678703993
11530,2.58897720156733
11531,2.97118803328048
11533,2.78691806358149
11535,3.81002387249708
11537,3.67736615767194
11538,2.43865098950065
11541,1.46293529906327
11548,3.77265889565761
11552,2.61861233566055
11558,0.341744053747961
11560,0.74020021281031
11566,0.669079953259967
11572,2.99040419862948
11573,4.47302648608642
11582,4.08775366383716
11586,2.51784466080341
11590,3.96641241452219
11591,2.47747748993367
11601,3.75772156870161
11611,3.55269991618594
11617,2.5767317380655
11619,4.59711724851534
11624,3.67394046939763
11626,5.67557830733914
11644,2.04243450732289
11652,1.8893322776172
11656,2.65749465469843
11658,2.54703736803913
11659,5.2628716316799
11663,2.89937729100324
11665,3.90756973502151
11683,4.18381991544309
11685,2.99259378096442
11691,2.82509522856299
11694,3.54826077212619
11698,0.224084843566833
11700,3.7316390268714
11703,2.18227692990559
11705,2.39171606937328
11710,3.27794000176447
11711,2.88127408300596
11714,2.43038650985581
11731,4.70682479946156
11732,0.141671897653775
11742,2.4538100801878
11744,3.61242468541281
11745,3.1224512761414
11749,4.51223573712103
11756,3.0399450256017
11761,2.1611093659766
11762,4.20220427223436
11766,4.41494471258197
11767,7.58757829916213
11769,2.7920375858791
11770,3.73528030123342
11771,4.10989052759305
11777,3.20077764235533
11778,5.29720940876149
11779,3.2750734366217
11788,0.944643911434129
11790,4.6000926763754
11794,3.73354559380543
11801,3.77797556342798
11807,0.35403835204437
11812,3.86130164965325
11817,3.52425033620729
11818,2.66696865640033
11825,4.30152817111357
11828,4.09612556822354
11833,4.32939246605869
11837,5.15969191215737
11838,1.50391743447598
11842,2.93984829648335
11853,4.24242376709809
11857,4.222804356149
11858,1.65456389954388
11860,5.13086938001642
11867,3.77903838647007
11868,4.54413243055492
11871,4.23545363612304
11875,2.67373240635213
11881,6.58070736212601
11890,4.42771293413828
11892,4.30355317698327
11894,2.90021899093474
11896,4.66776248638505
11903,4.4447478902151
11905,3.40359472561811
11907,2.74821660502757
11909,6.86743359212059
11911,2.91987289122409
11915,2.42101488030599
11918,3.38568916636686
11920,4.54048991618058
11923,4.3074499207077
11924,3.07062345587861
11926,1.96761435938005
11931,3.59809042320765
11933,4.21005784389155
11940,4.81668751812378
11951,2.86120373524211
11953,2.65065417330971
11973,3.51619277629471
11984,2.65808366283076
11985,1.23585826302395
11991,2.54687176231569
12002,3.03673655522662
12006,2.9926106303461
12008,4.46728022556068
12013,2.68930720245323
12015,3.457279638517
12016,4.24186216706161
12023,2.70651472015895
12029,3.4840261989438
12036,0.197232247878906
12038,3.37579665276332
12041,2.54075521405113
12049,4.52769729388714
12050,3.25078815738958
12054,3.36472957906106
12060,3.01647995468336
12062,5.50751228082557
12065,2.5100316478203
12079,1.16734907586129
12083,5.84060646292449
12090,4.89980759624917
12091,4.52935865571162
12094,4.08016852786862
12099,3.64079732377905
12101,2.23963532024229
12110,2.93510864832936
12116,6.29651011587568
12122,3.41057332867358
12127,6.68141277685332
12133,3.69832224589221
12142,0.274596378942152
12147,4.23725119736958
12156,2.52244963352526
12157,5.11332345479539
12158,5.09908158335241
12161,4.18658817265388
12163,4.0170785995837
12166,2.4032274432223
12170,3.2028474597028
12174,5.35373108978957
12183,0.587566853390549
12188,0.577318303773147
12189,4.21091303596294
12192,3.44070597584127
12201,3.04732951940405
12204,1.57812453576866
12207,0.429929790865052
12208,2.14672240498016
12209,3.63253841484708
12210,6.96273065729989
12217,2.89726587998461
12227,3.48167293644028
12231,3.46152137398604
12232,3.70375232339775
12239,5.3380546452155
12240,2.39894562426379
12251,3.11958478620496
12256,4.74320354056252
12261,1.52994430220537
12263,2.28317981026526
12266,0.460921225366492
12267,2.96587171165253
12268,3.79562364758766
12279,5.00363936400998
12280,3.15509655050535
12283,2.58961252448587
12284,4.248942488021
12285,5.76521877751444
12286,5.33248668308087
12292,4.76026729823077
12295,3.50270936937254
12301,3.92693831111566
12314,2.35964787674299
12315,1.59290473337848
12318,0.213970313003899
12332,5.59933835507036
12334,0.520073840846296
12337,3.6678116376466
12338,4.88504319224929
12349,4.40878095805381
12350,3.33868525612002
12359,5.40826165259905
12360,5.23773504416435
12373,4.65560509440551
12374,2.486892305797
12380,4.362728631966
12382,3.05193784229755
12383,2.90856972544157
12390,4.51140952576467
12398,4.65342573440837
12405,3.77292145031593
12407,2.72806485297818
12410,5.68700034526223
12418,6.56758740149235
12421,4.89105931091471
12422,3.02570356073472
12439,3.29623823221863
12444,3.87245359547875
12463,4.7913816213238
12465,0.851856457080764
12470,4.0925450059639
12471,3.59717706724024
12480,4.13174959609861
12482,4.13656571533908
12484,2.93829442415017
12487,4.08364475044633
12491,3.43259143027148
12503,4.30006052662451
12507,2.78831916283625
12526,2.51152366721915
12533,3.02229141758552
12540,2.69555067082185
12543,2.41426795790302
12552,0.647651430813863
12555,6.33540619357866
12556,4.02237213626659
12570,4.04963953172965
12579,3.52116553303788
12588,2.50291326647906
12600,2.81046944724993
12615,5.61569952356743
12624,3.78856964155281
12629,1.46441674692059
12634,2.74453542112618
12638,2.57228458314682
12646,2.18830402214106
12650,0.111993443574398
12665,2.46137206012139
12674,3.01480205088214
12676,2.10462894558322
12678,2.4348791260788
12685,2.96968397648362
12690,3.25079027005099
12698,4.25364969883043
12702,4.586511544848
12704,2.95168288380885
12705,2.41079014595132
12710,3.53856032167021
12715,5.23418846439453
12720,3.63287685626695
12734,2.29882363647207
12744,3.70888023093727
12747,0.542112484323975
12757,5.44682005186403
12758,1.97178624970243
12766,2.34894304710513
12782,2.88410436717913
12787,0.284729364775315
12799,2.41063076341592
12804,4.90706328066084
12809,2.86979326957026
12813,3.07325051108985
12816,2.897994416989
12821,4.04398732175695
12826,2.37942835023655
12831,3.86349962843329
12832,3.53523748474475
12833,2.9266297503623
12835,3.82148686201705
12842,1.41152637771585
12844,3.61689146995412
12847,2.13472354119968
12852,2.96944914765439
12856,3.78522101841485
12857,2.9345312555284
12858,5.70937884291538
12861,2.65052166426708
12869,3.74113113974527
12876,3.96797793067348
12877,1.43935191305727
12879,3.10024481461559
12882,4.35800997557876
12883,3.74412336872849
12887,2.45326611855217
12889,3.52071810361993
12891,5.32526050005276
12894,3.37378930990872
12895,2.5010227527389
12899,3.28813386937343
12905,7.14398010652724
12913,0.791204867964542
12916,3.39249459609463
12917,2.90681393689951
12925,3.35236619660293
12934,5.39056173160537
12939,4.90918717503413
12943,3.35349185476889
12950,5.1792801995144
12961,0.129941115202689
12963,2.75136536863612
12973,5.0689634887946
12979,3.71079651653772
12980,0.577283157801247
12981,0.520488121603625
12982,1.14199134618845
12992,2.17704898463282
12994,2.32027789716244
12999,2.8284035578355
13002,3.75631873509508
13004,0.374285505352419
13010,3.11241633458188
13013,3.51492556441817
13015,4.73542082692938
13019,5.76129713037261
13030,1.9163119781177
13031,5.30665059931379
13036,3.22153215271995
13037,4.86702805781392
13042,4.26602314233341
13054,2.52351165379391
13060,4.77751737911311
13072,3.35690909211407
13073,3.0224686994537
13079,5.53976433365392
13081,1.0441271095774
13086,2.84612599126871
13087,3.8177344973618
13090,3.36684245044418
13098,2.94693823454709
13100,2.81343253479231
13105,0.239266579999758
13106,2.90870537929317
13107,3.82917362803503
13113,7.0129456151155
13115,4.37382295371213
13117,2.28303569857121
13118,2.93316069320235
13121,0.836454754201294
13137,1.97863832070653
13146,2.7099467511102
13150,5.10841188869119
13151,4.31647293675482
13152,2.63291156958633
13156,3.33171724865247
13165,5.32641540867347
13169,4.43104959590063
13178,3.6525611098475
13180,3.65145501394194
13183,4.17849631074695
13184,1.06382400613406
13188,3.27057767968311
13191,3.75752248495897
13196,0.575337568533885
13203,3.66190997419198
13206,2.5569256554474
13211,4.86489429394482
13219,3.90790744795166
13223,6.28151399894912
13226,3.73978368121019
13228,2.58193970159739
13230,4.82347228514948
13240,4.5114742402333
13249,5.35168843783707
13250,2.32794418823293
13256,3.79186034713863
13261,3.60197882448578
13263,2.39463275219015
13268,4.64337295667139
13275,0.177466706864001
13277,5.19794133151699
13283,3.86489827243618
13284,2.64599212051722
13285,2.63477126330057
13286,4.04219334059627
13287,1.03585622607687
13290,2.97556670888169
13291,0.271475628676167
13294,5.53155753848977
13295,2.89456464248207
13303,2.960217650961
13306,1.0437141162589
13311,4.94780127222321
13322,2.29259432492826
13331,3.0397444191274
13337,5.26506749218383
13344,0.692682032407771
13362,5.04019847439176
13364,2.38033596842847
13366,2.56379323168283
13368,3.07172052117802
13370,2.28007157936125
13377,5.11774476241219
13378,2.37241698564012
13388,1.3531323926956
13392,4.68973039513635
13398,4.71948451527253
13403,4.58851593863423
13404,4.60008608847652
13409,3.69294329530822
13416,4.28065641568373
13422,3.40183401856926
13427,3.65712389023042
13433,5.40742516527219
13438,2.92102757502295
13441,5.22553790369774
13449,5.33354942765766
13450,3.22956741928871
13453,2.37545157766314
13460,2.37631121074037
13461,4.70578021918871
13465,3.65515336520156
13468,3.9076391661446
13481,3.52408110050717
13485,2.3496848677061
13487,5.13881755227638
13490,3.73950880720439
13493,3.00952427954519
13497,2.47346607558999
13508,4.16445443820184
13516,0.174998957966527
13525,3.60263407243893
13533,4.11392054871776
13535,2.84304487822167
13538,3.73019468200928
13545,3.42703506735897
13566,3.24405848580875
13581,2.50737547213966
13584,1.24697120297704
13588,2.58432178379162
13596,2.75061707630243
13600,6.44223240147635
13604,3.72385435941091
13608,2.7258939122115
13611,2.8300998204214
13612,2.77128788406073
13615,3.60702151069112
13616,3.8188084471151
13618,3.74657139335189
13625,0.877193175171331
13628,3.18040419448344
13629,0.137222500725172
13630,5.46616056470534
13633,3.59504925686069
13637,3.88551792443583
13640,0.914529167590341
13641,2.22659389168316
13651,4.53900679155916
13674,3.65276716772219
13684,3.72444736465143
13690,2.07188060076849
13707,3.69087059043481
13709,5.20143359990257
13710,3.38910083446109
13713,5.81491796990746
13724,4.30330257363056
13725,3.87749498872203
13731,2.29464148648999
13736,2.19020977283521
13740,2.29716329837198
13745,6.36120813090895
13748,0.954315518598094
13751,3.52049433218789
13758,1.38198726065727
13762,0.192318500806476
13764,4.46136627938115
13765,0.768370943950934
13769,2.26776696650331
13770,2.33532691959878
13774,4.92517358533273
13787,2.70797940002374
13791,1.08801916064561
13802,2.15502379584224
13807,2.63860824813301
13808,1.95840632028755
13809,2.28296833506759
13810,3.74476514420777
13822,4.32328122402648
13823,3.14612501575113
13825,3.75178618725956
13826,3.49606770401026
13833,3.48510766934814
13837,2.93506248076988
13842,3.57587652477436
13846,3.22232448323544
13852,4.86660931861292
13853,0.849703971150349
13858,2.22113745619848
13860,2.76715439996581
13866,3.62041665318961
13886,3.13616613880593
13887,0.11305330298627
13890,2.38210242063874
13891,3.20496203018621
13893,2.35998652651368
13902,6.48328408394023
13903,3.268270762366
13908,4.15455765708923
13912,2.01309977190085
13924,0.254170413285391
13928,2.63596513542579
13929,3.35027258259741
13938,4.68601933658247
13939,2.31997706104786
13941,5.0805419071568
13951,1.45288925980701
13962,2.17673166149156
13964,2.41537003058631
13967,3.00511149271852
13971,3.48539097773605
13972,4.05029490122278
13975,0.262514335262805
13977,2.63245348700572
13979,4.26726110217968
13983,1.13788731567897
13984,3.52101914396693
13987,3.36442312506253
13994,4.4157997934583
13999,2.88670557385812
14003,6.03120848281404
14008,4.88401786667936
14011,5.12793927402719
14012,2.57997908167165
14016,2.90327953709279
14017,2.84044343090221
14020,0.410482429105599
14027,4.05968864048374
14038,3.79905767771566
14040,5.10849189554906
14042,2.49103113960741
14055,4.1013326914436
14057,4.91716445844975
14060,0.157717393080358
14081,2.74444731786793
14091,3.66981742361306
14111,3.05798281805179
14117,5.29947210114722
14121,3.65697489850143
14122,5.29426918480339
14125,0.937564796546254
14129,2.21288172860444
14135,0.283382926257061
14148,1.29188098798105
14157,3.80839710059361
14161,3.31390513591888
14163,3.20053283550272
14172,3.46047322731418
14180,2.60426661323496
14182,4.64073118879071
14188,4.24530435573266
14191,2.97690137359308
14201,6.75876637615471
14202,3.7664868981692
14213,3.77949832891404
14220,0.413741609637594
14224,2.28217296055895
14231,0.818721169807569
14241,5.20509935919354
14243,4.05333888895058
14245,2.59408837879399
14247,2.05370489978228
14248,2.86775903418388
14252,2.99173076169227
14254,4.2001654742784
14260,3.18018589313147
14269,4.53255962218453
14272,2.37509263275602
14274,3.88067400084416
14279,2.82131719152476
14280,5.38110036826062
14290,3.1994749219101
14298,7.14844587852076
14308,4.33173309931839
14313,4.09082585580832
14316,3.86755751194278
14319,5.29699359718271
14322,3.36069123228012
14323,3.12715822705462
14325,6.35077846015186
14337,3.95929517971225
14339,4.03586853150534
14341,2.94029271402968
14342,5.16914275901204
14346,5.64288332066558
14351,3.80712272665414
14354,2.45581608657795
14355,2.36335708399094
14358,6.41696228849466
14359,0.338865030641536
14364,3.82091735670533
14374,1.25631218572403
14376,2.30923617486631
14382,2.78917585480124
14384,3.07344109474493
14393,2.75339753140138
14398,2.98517577659354
14403,4.15414977241756
14406,0.317323613012977
14408,4.00288271928961
14411,3.05659859751104
14414,4.09198910551583
14418,2.50707090702048
14423,3.84805461209699
14442,3.99948514733447
14443,3.8559973879182
14444,3.04321396475349
14446,3.36115474460129
14455,2.99730496181365
14456,4.56287345243235
14458,3.74405519880966
14464,4.20182900730394
14466,4.92006687429613
14467,2.79340310221254
14469,3.14606672534203
14483,1.74497310895635
14484,2.89324387437671
14490,2.71033501401569
14491,2.33607030163904
14494,3.04428512532191
14496,3.91338895576313
14503,0.877097199693849
14504,2.68959336777782
14505,2.9812514434507
14506,3.17443433713539
14507,0.380404295593041
14512,1.01490282647411
14520,4.78516627050926
14527,2.27170642581151
14531,5.33563865138677
14532,2.20913352874968
14535,2.31664562391786
14543,3.10014355122331
14554,3.89403589387932
14556,6.51020342876108
14557,3.81229874552479
14561,2.36881185504179
14562,3.48501698479762
14567,1.87868437803384
14568,2.30078368474408
14574,3.27601764311745
14575,2.85614541812115
14579,3.19981592341725
14581,3.62689837345956
14582,2.03498946293868
14586,3.36101632511322
14591,2.47312905579392
14598,2.95345803724715
14599,2.86879335186966
14600,2.25695671592194
14612,4.37681435665838
14613,2.84935738239072
14624,5.08160532217283
14626,2.83249107200039
14630,4.25460136161526
14633,1.91920798664666
14639,2.62444073113451
14642,3.53125186233728
14643,4.20990870618527
14649,2.02053317585736
14650,3.59215356235435
14653,2.26580098216677
14655,2.34517418318323
14656,2.41982055175932
14662,3.73922123211943
14663,2.76394378513986
14673,2.62085732195689
14674,2.4488700114392
14676,3.7450032195505
14682,1.0818325957436
14685,4.52996404780111
14689,2.69337692510805
14693,3.10493691722548
14697,2.76517356567203
14700,3.1020907138128
14704,0.226565203497374
14710,3.23920414749244
14719,3.40497279721268
14724,4.56131407298101
14728,4.30587361425448
14735,3.49918982775778
14736,2.43567804564443
14741,2.34985815936924
14744,0.701151304849744
14753,2.3574691664044
14756,4.18751249207955
14762,5.02642901084104
14765,4.44598688901905
14783,4.67749656326659
14784,2.42112892399003
14786,1.57304651255261
14790,1.81580005054996
14793,2.92854602878206
14796,5.53386349442845
14801,4.02420695152398
14807,0.529904747821995
14812,4.01823346451687
14815,5.30136555817556
14831,4.2269887850974
14833,5.59078471026888
14836,5.69340188795524
14856,4.02976595898807
14859,2.95973147822458
14861,3.13727431093819
14863,1.50828760799489
14865,0.733616552591271
14880,0.69252176839182
14881,3.88063118717647
14883,2.27803609292117
14884,4.74296559667942
14894,3.79249319824748
14896,4.09675078108258
14899,3.00285397065127
14900,3.06842817825863
14901,3.04555539528941
14906,3.60677722717352
14907,0.422348379126725
14915,4.99927592620481
14919,2.46009761155862
14926,5.74188170717544
14927,2.37502994791853
14933,2.91012597356532
14937,2.98037437837655
14939,2.99355920259185
14940,3.4552910307559
14943,0.852421622546831
14953,3.61250714319235
14954,2.50686539499497
14969,3.61967925553427
14999,7.25022680659905
15008,3.84580077633682
15009,3.74265286186411
15018,4.62578694681755
15023,3.89669948416019
15025,0.490902278432089
15034,3.90321367116848
15036,4.25513851981576
15051,0.639105251784498
15052,3.01825450500241
15064,3.57992109900984
15070,3.6673465720651
15074,4.40461492636089
15077,4.61778424720006
15081,3.79740847325674
15086,5.43389092478169
15093,2.59346100521557
15094,2.45654607569871
15103,2.40121736869
15104,1.98155684967623
15110,3.50325940650774
15112,2.10285646225638
15115,5.63499433493052
15131,2.72743927301157
15139,2.55834971245271
15141,3.59441071081535
15148,2.77682057982788
15154,5.48678507821284
15156,3.11809136320658
15161,1.85646396109544
15167,2.88047665060118
15178,4.0460088237405
15205,4.60563475719041
15207,2.87802705106259
15222,3.61985844876285
15223,4.35379834129924
15225,3.9951763259005
15228,4.44478080988447
15239,2.53543881405358
15241,0.624868327363402
15246,3.41780313969712
15247,2.49532193403644
15249,3.06839009972395
15255,3.41132240113741
15257,2.74417861059535
15267,2.67920604041924
15277,2.88664136017565
15280,4.99308945097776
15289,4.60730423618781
15297,0.48471729072395
15302,2.41876922793951
15304,0.647399601248274
15312,2.19907075929621
15321,0.172263505030786
15325,3.07302751119988
15326,4.58664079220016
15333,4.68130906643218
15337,2.5063465554795
15338,2.80924301668428
15340,5.40116136709593
15342,2.25777948146836
15344,2.939141260289
15347,3.18972356634743
15349,5.18611130152646
15355,2.43755858214218
15359,3.31591876656666
15366,0.53997519608795
15367,0.184626163672059
15368,2.37846211302393
15369,4.60674184975568
15380,3.57919723390129
15381,3.05517655260689
15387,3.4977228826355
15388,3.0008063686217
15389,0.513024523490325
15392,3.51662958254067
15400,2.83802309692625
15405,2.85633082117174
15407,3.61003717153469
15408,6.68300535440153
15411,2.9614899434238
15413,4.16255075401486
15418,4.4862197595428
15419,5.20119894878756
15421,2.73416955120438
15425,2.90886390798131
15436,3.74071956716937
15438,4.03734602531659
15440,3.93612888185134
15443,3.76649667517786
15460,2.50394093693967
15464,0.915717762199724
15465,2.95795129533285
15473,0.517020180483172
15475,2.35210213243353
15483,2.4955614709975
15494,4.46563165753346
15495,6.68976202000636
15498,3.1488735897457
15499,2.79450542371113
15500,0.195226957664506
15501,1.9662004624327
15510,2.24956971733635
15512,2.47811025750672
15516,2.47412834808114
15518,5.2734709645228
15519,3.70627736383795
15524,2.94089128263063
15527,0.299772265751434
15529,0.700272056787591
15530,2.89339254915496
15538,3.00129976968572
15539,2.86320842952319
15541,1.70545447245457
15546,1.37455119900388
15547,2.94834567704501
15548,2.93432114369083
15552,2.1410876702607
15556,5.01813222509625
15567,2.78585830053943
15572,2.48645526580901
15573,4.62118800519072
15574,3.63302938556736
15577,0.697595246679529
15579,3.61002460793179
15581,2.4877596684519
15589,1.47391906680538
15596,2.18104728676923
15598,5.08184180322022
15599,4.06584994356876
15605,6.45216484088239
15606,4.32800036880859
15608,3.91490852331911
15616,4.56358299846272
15618,2.21334916520522
15621,2.24716681149845
15626,0.272567739608114
15638,2.72737222056852
15639,1.92587318882753
15642,1.95837171000084
15644,2.97259783930381
15646,5.44904783159259
15649,4.3488783727356
15656,1.06546354713337
15659,1.72405758548717
15680,2.31259251491832
15686,4.3126861909734
15693,0.384535179164255
15697,5.00505931755808
15699,4.89212482222357
15701,4.73936738297559
15705,2.952385491294
15714,2.52055940046008
15722,4.22088218942371
15728,3.67316133854091
15734,3.18038281382801
15752,2.1964535971373
15756,3.78932462953282
15760,3.90647022356476
15762,4.21227915788746
15767,3.54058966758302
15768,2.08621018871519
15773,5.16313059901639
15774,3.63369265457055
15781,3.0654586509167
15782,2.79106039933854
15784,7.60945401335101
15791,1.25947234422605
15796,4.7239197704996
15798,5.17719998787874
15806,2.22600164423945
15814,2.41566719384166
15819,2.4228911799612
15825,3.65199674881195
15826,4.564384017928
15831,3.9701457814138
15835,5.56724345079641
15836,1.2103912589733
15839,4.57177497259297
15845,3.05169552863113
15858,3.2234702469412
15859,3.67560928041998
15876,4.65772672791964
15878,4.11690693564798
15880,2.40690689896383
15886,4.29578671438939
15888,2.15409235843097
15891,3.09060512486554
15900,2.01988013120607
15902,4.0397783866598
15904,2.73473554569535
15908,2.33904554365016
15910,2.16864275535138
15917,3.38474095373522
15919,4.97263782893177
15924,2.93377752800095
15927,2.78436811732508
15937,3.72464283112356
15946,3.07353737204896
15949,2.94949008086309
15957,4.95001921167963
15961,4.29673497874731
15964,2.45929580125811
15965,3.33091646892288
15966,4.34753446828423
15978,2.65257280548655
15983,0.143110179002993
15987,2.52977766092134
15988,2.60455340530581
15998,2.56769113904601
16004,2.76422106848555
16008,3.18833409289476
16011,2.29183669149709
16023,2.95956879577148
16024,2.50584159252973
16025,2.69993113574409
16048,5.82767776028059
16050,2.24709318243924
16051,3.2831777805046
16057,0.273752346580352
16059,5.28387508569565
16060,3.47350787720628
16075,4.29564386038399
16094,6.48691651819425
16096,5.04116300826151
16116,1.05352572931187
16118,3.03034068673053
16121,2.38819834128283
16122,3.63466930192564
16124,5.67100518014526
16125,3.72569602925243
16126,3.02696991934597
16130,4.11677352908824
